config,auc_treino,auc_cv,auc_cv_std,gap,pr_auc_cv,f1_cv,recall_cv,precision_cv,acc_cv,tempo_fit_s
Random Forest | Baseline,0.9999,0.8199,0.0125,0.1801,0.6135,0.5372,0.4736,0.6216,0.7836,0.8274
Random Forest | Grid Search,0.8815,0.8484,0.0095,0.0332,0.665,0.5694,0.4896,0.6811,0.8033,1.0186
Random Forest | Optuna,0.8795,0.848,0.0092,0.0315,0.6631,0.5641,0.4803,0.6846,0.803,1.0244
XGBoost | Baseline,0.9757,0.8347,0.0082,0.141,0.6435,0.5705,0.5177,0.636,0.7932,0.1859
XGBoost | Grid Search,0.8642,0.85,0.0116,0.0143,0.67,0.5885,0.5258,0.6692,0.8049,0.0767
XGBoost | Optuna,0.8684,0.8507,0.0113,0.0178,0.6714,0.5871,0.5184,0.6777,0.8065,0.2425
LightGBM | Baseline,0.9888,0.8308,0.0068,0.1579,0.6306,0.5719,0.5217,0.6336,0.7929,0.1637
LightGBM | Grid Search,0.8823,0.8487,0.0112,0.0336,0.6652,0.5946,0.5331,0.6728,0.8072,0.144
LightGBM | Optuna,0.886,0.8498,0.0109,0.0362,0.6712,0.5841,0.5164,0.6727,0.8049,0.1512
